{"global accuracy": 0.9298414587974548, "global loss": 0.2529183030128479, "global epoch": 100, "_runtime": 1285, "_timestamp": 1622209227, "_step": 99}